DLL payload,Epoch,First seen,Note
a7c1817faf511f31e56085405ff91056c8c2622aefd1dcd2f42ac02b91dd1f27,4,2022-05-02 00:53:46 UTC,The IoCs are associated with:https://blogs.vmware.com/security/2022/05/emotet-moves-to-64-bit-and-updates-its-loader.html
325389e78c61777fbc92146dc6e8c4a58649bc7e8cd37f60497d83c3a7d9b1ef,4,2022-04-30 21:50:35 UTC,
2fa379ff4448fec83fee70308b4ab1f47b2b7a0791533f0df0070b03f9f23e61,4,2022-04-30 21:50:28 UTC,
a3fabb2283b390d268fa1a5712d19200d73f14245b4e94ba9a971d993c9626b3,4,2022-04-30 21:36:36 UTC,
2ee1fe8fd0e3dd026e70ca6e960ea0f24e81b9a651315a8865cb1c8b65166313,4,2022-04-30 21:36:22 UTC,
189bc09e521612c8e3b58fb3a2542e62243f2ffab402c87a924f3edec04f59f4,4,2022-04-30 21:32:01 UTC,
6f87a730740818177c721f6062ed2da9dc8a7902bfbc2f1032e0c2397cedf725,4,2022-04-30 21:30:36 UTC,
fdb5de0563a317df1b1ac3e1b5429a9b9f927a1d894e10ab5c9a61d142db5ffe,4,2022-04-30 21:29:45 UTC,
f2428c2aea3d8c29cd3653f4a66281bd382e86526d749e2bc012fb260537f3d0,4,2022-04-30 21:29:23 UTC,
436e886619f539740d2acd3e1970526f710682ba0653d72ad8c628473c87c249,4,2022-04-30 21:28:06 UTC,
5f94099a714d8f3995e1bf57e25fcd1c50b0b6e9daa213fcf4625510554e7887,4,2022-04-30 21:27:52 UTC,
95704e3ed296d016a23f82d5bfd7d469b55237a8053f6ed1d50d02bca0acc554,4,2022-04-30 21:27:52 UTC,
57da4f06f9f6b383170ff3d7c554e67286446d7562be44a40a0342f9e06038fc,4,2022-04-30 21:26:58 UTC,
9eb10636a1f54b61b2d1b3c666f936b42ae3cb4af895486944e8579045e7e8d0,4,2022-04-30 21:21:42 UTC,
e159ca332d1881b695bd8c251bd6974dbd7847be6a8384a265146fc6f6e51e05,4,2022-04-30 21:08:01 UTC,
3b756c9fa74300603d2af3a55e2f6bf18a0cd7ce1d06734dfade3805d14bd8cb,4,2022-04-30 21:05:55 UTC,
6320c7f7f64a1da396b5563735b805d02e72d87fd9c08741b7e45855e56481e8,4,2022-04-30 20:50:04 UTC,
22d0de56ea3db13d6a212620b87007b313ae87125bdd60056197afa34bd966bf,4,2022-04-30 20:26:06 UTC,
8c183e5b9f95017a2323077ec8abc45f7d307eae44aee2bec6a524e982635163,4,2022-04-30 20:26:04 UTC,
17443aa8d9d0215040ffba18bc1cacd6b000107106e6ed26d243fe34210871a6,4,2022-04-30 20:22:07 UTC,
5177988efbddc2e4c37f4a65fd73b024f3e867e4c651e072b11b83096a492332,4,2022-04-30 20:14:38 UTC,
489e2c295f11ba4cb5b2f2038474d339aff0c3da567d4c51e4558b9ec874f933,4,2022-04-30 20:13:55 UTC,
1a38f8c467d29b8ef070e819eb9e6ee50ff2567b9506d8bbd1038893f77c8650,4,2022-04-30 20:13:34 UTC,
479eb0de029c6d4d56e35435bb4457c6096bce8a1adceb2079e037fa87d93777,4,2022-04-30 20:12:28 UTC,
fffe10bc235866abe9490c036d4b40ade4cb76bbd577c6ee24fbb3e52e434f58,4,2022-04-30 20:12:03 UTC,
1f0babf371fc450b15065a80f8a8b48609b0971cca82b410f288dda461bc7bcf,4,2022-04-30 19:14:01 UTC,
df55520d5052596c1122f598b2b2bb5a0e9fa26b5dc67d50dbe84b5161dc8a11,4,2022-04-30 19:13:47 UTC,
f59ac4a41afce6863a9c46cba8e6ae2a6de47c5b06a89abdfa059a9e20397b42,4,2022-04-30 19:13:38 UTC,
0f1f50ea7b6d21f5aaeb06862188d1d5d2f3e0d119440163edcd55f7290bdeb4,4,2022-04-30 19:11:24 UTC,
5222fb70b33aecccb04df58d87ff3063f2d624d378560eed011ebe6b4f204e6d,4,2022-04-30 19:09:24 UTC,
88b57608d85cd351cffeb0cd7655e19dee4a5e64527de908106da2b3e284a501,4,2022-04-30 19:09:09 UTC,
7499614bda78550e90fbaa8f640bf4e241b4b79706020316b591e26817742805,4,2022-04-30 19:09:01 UTC,
994512098c74d55e73b3a0068fc7ec69fb72e08c67eb80cab03dc92035b0ae8d,4,2022-04-30 19:08:58 UTC,
1b018b5337aac8f4470b0687d7861ca96afe70b87f5d1c5e7290b53a9068bec7,4,2022-04-30 19:08:51 UTC,
6946a77b7fa666104d78fbd35f3510fd835a77153a3379e0529ea0fb47051343,4,2022-04-30 19:08:42 UTC,
bcb4136e8ad273a8ba1dd8b54fd736338d024cde90d52e40b488cc301d9cf6a3,4,2022-04-30 19:08:32 UTC,
fa95aa2f278374b2bd3f457e0fe8101df7cba47a415cf9a54cff76bc31b54ff3,4,2022-04-30 19:08:31 UTC,
1b976f3ae9a234e88148f52cb396eee7ab8966fde90cf07dc7e21ce2b59d6f7d,4,2022-04-30 19:08:29 UTC,
c93d22a84dd93ad914bff2151919803a27da20497fff12b6d6b299c896c68ae0,4,2022-04-30 19:08:21 UTC,
1c4be2009b36a981e9bc392f04790d6a7ecd7f53b7e4e32bb4e4ce2568724ef5,4,2022-04-30 19:05:48 UTC,
e3aa4540d98d1e556cf9c422f568a58c7de15adf1b8ee9935cde63c62a225290,4,2022-04-30 19:05:48 UTC,
c0cfdd1c84ef8a9d69633f693644f1b83f3a1e10a991aca9d818cacf5a0bac46,4,2022-04-30 19:04:51 UTC,
3dd9b1855a9d9e6eb7f16aa2fcd9e2d051ffdedfc8a47f9e08c7e4feb579c8b1,4,2022-04-30 19:04:37 UTC,
aa251794ac971fef4d775ef8a587038d54a0699dbfdad2f94de7d75970ec9685,4,2022-04-30 19:04:33 UTC,
f7b0e2a3f88d7785e49675a1aeeabe3a002a5c51758e7470d4de4814892e878d,4,2022-04-30 19:04:27 UTC,
1adeec184a5cd2031ab51dc86172b6c0e9fbcc7f8f64a08dcb394a550fa18895,4,2022-04-30 19:04:12 UTC,
a6f974a87e3024266066c5d65c469257e66704bb59c7d900dd7ba14a12e0694b,4,2022-04-30 19:04:11 UTC,
a3bdfa339a78223ff7d2aa56f9ef44be71d8fa93ca79b2d7072921918d9218cc,4,2022-04-30 19:04:05 UTC,
723bc5db2b766d564e5d3f47c340505e45139cfb2b18d8ff0917b830f3ed068e,4,2022-04-30 18:41:32 UTC,
fd1b6cc9a0c1fe7660cf0166f6d2715c449c38efd75575bbf9e206a66f021986,4,2022-04-30 18:39:16 UTC,
c6f3d8ea4f9921d219e5ce7f18409a9102a2a2d568a9a7b334e778a31cc77cce,4,2022-04-30 18:20:44 UTC,
a1dcd381929753e7cd14527aee3dcab44d5d20624f0d74b89570a8c04aa9e0e2,4,2022-04-30 18:20:21 UTC,
e6bb15e9922b8ff769fe5498bacd023f2fe3599c58303997535f964ca4cbe14e,4,2022-04-30 18:19:58 UTC,
7f8329354fbe0ed83d569ab89028494350f127f300df60bc565c806c00ac55a2,4,2022-04-30 18:19:32 UTC,
5ffa53511961b3c63989c16257940b0ceb2cbcb9e38ddcb52634d0d4953e0df4,4,2022-04-30 18:19:00 UTC,
e11103049bccf7ee732074c220c84b1126819d5a1a99de5e52ee1f753b583d31,4,2022-04-30 18:13:39 UTC,
6b4b9ff747e1c53865632fbc6bafdf07e45ad32d54a3c001543b4047988bb546,4,2022-04-30 18:12:55 UTC,
6d4f6b81447d1d3df289666b54ff34b922d044b3526393f4fb2a149dae6830a9,4,2022-04-30 18:11:50 UTC,
bb2c4513f518ec327ac1063a388ec6c8717f3fa97d87b37b11ce393f62b818f4,4,2022-04-30 17:53:31 UTC,
7222ebce0a44b8a3bd92dbc765a33cb6b13870494bd062db235a54cc23bfb376,4,2022-04-30 17:39:10 UTC,
2b36080916aecd1613112442ee2036c8ca91a3cf2f619706d78f5ebc977ef409,4,2022-04-30 17:37:18 UTC,
2fdf46adea902069bde6d0b6934be4d685be26a4958a54ee32de522667732007,4,2022-04-30 17:32:39 UTC,
37bcf3039d9d029df644a37646e066734be574dfd914debbbc4ce5061c4c298e,4,2022-04-30 17:31:06 UTC,
2143c0c845f910244162634b8ee78eb7209221b887ff8a16aaaf173dc05333b5,4,2022-04-30 17:30:58 UTC,
89b8b2ae63c674c515fa94c43755b9ec8ee3f47bd05bbaca89b2c1c52f472b40,4,2022-04-30 17:30:41 UTC,
4b1dfa2a0eeda78fd70c6a5f024893716fb4e5116d4afd4b0f013123828f0158,4,2022-04-30 17:21:59 UTC,
1045879331a579b3e9362b67748d6bac0e933a5e42cce4244de01184c53e5d2c,4,2022-04-30 17:21:12 UTC,
5d318f7828cce80794658c57ac12a1bb1263438e7672cf85e36d3efae6bc249a,4,2022-04-30 17:20:05 UTC,
888c14f1df1c83f0dc67b7db41ae920b426c2feb2d04ee9f32050e1bbba0a596,4,2022-04-30 17:20:03 UTC,
a80d89873c5ca096309165d161158b94f5d8c9f1508aab8b37d85d3c1bdf436d,4,2022-04-30 17:19:46 UTC,
a73489ac36e771387189a4072f5cd8164292dab84e6e75bd332a3eead00cded3,4,2022-04-30 17:15:24 UTC,
248e353340b83ec6bc8e1dad731b1be3ddcab7e430d460cfd1af5f472ddb1b90,4,2022-04-30 17:15:13 UTC,
986f23059502ff627df7d209a9ba5080224fc9a603d44f1b72f04de93336d581,4,2022-04-30 17:14:19 UTC,
2ad0d4c3aaa9966e5bbc4646ad470721419d08d45002eee6ff10facaed2f4ac0,4,2022-04-30 17:13:59 UTC,
1c013c2c567d2e00a5e84c3e2ad18627a1ede6b00d81a1fbd8df216cac09d30a,4,2022-04-30 17:13:54 UTC,
c0f790d99a6212d23dfe155c02f48ef00fdf52009565e6a921280dd6a3b6def9,4,2022-04-30 17:13:06 UTC,
3ff5006cdd8ec4e1f2e65d108aeec3c1cfd6df805f4a3d2a4718d73c9339c7e6,4,2022-04-30 17:13:02 UTC,
57bcd979290799ebfa5d3f000fc1943a91f10af074318410974ac3f349b5aae5,4,2022-04-30 17:09:08 UTC,
c56923bc534fc93f906092dec0e04768b47f9869ec49f51d252f434d878a1a9d,4,2022-04-30 17:08:44 UTC,
caf728ec0946b8aba6c119bcbe3cc776c77fa32b9ad7966b9098b6954d92254b,4,2022-04-30 17:07:16 UTC,
3afc72c086916f5ce4d8eebb8c8b7f2ef6858e068cf32c0cb5f3262e6eb822c2,4,2022-04-30 17:07:00 UTC,
675996f27569f14572f0b068263bae6b7e7877e333def792b6ddb11c5ebb8d8e,4,2022-04-30 17:06:19 UTC,
fc13f446dada264f006b1d6f986b93f2e47bf69cadfb18a460304fabc89f5c6c,4,2022-04-30 17:06:10 UTC,
afadc8c5305620210b98b4c2d21406617e1c45d33de5aa142b431fb886fbec29,4,2022-04-30 16:52:29 UTC,
7b84f1446864ba70352cf0dece20d067eb8a4385a3d9ff58a20ee6fb8cc3eb47,4,2022-04-30 16:32:05 UTC,
968eec4979c3ff0806058a20168eb118908eb86ae558f781e3046348925ff429,4,2022-04-30 16:22:29 UTC,
7c8760f01cbb0a458511fbbaeb085738d2cd8ecf90454dc7163a39fe3c123ebc,4,2022-04-30 16:17:33 UTC,
ecc59555b927ccc44a2734f92a0e719f0724c0bc14b6b78ed6582b8640bfab9a,4,2022-04-30 16:12:17 UTC,
49ac40bb3d5e6bfcbde7a5b29607bc0c35626849842aa8ad2fe38d05fdd775d2,4,2022-04-30 16:06:33 UTC,
f351f5a49d82fa329f0903681ee01c7cb7270ce3a79d9dacaa59a323e210ed3c,4,2022-04-30 16:04:34 UTC,
4cc22a39c48d79d39c5f32bd02268ad5e7edd6f0960a030d52ef37c15d438c48,4,2022-04-30 16:00:41 UTC,
fb50a0be9b16baaf83d0df4a21a16af044dcd589aeea18cd057eb71b6d807e05,4,2022-04-30 15:50:07 UTC,
74dae0c2f76147fae7865e62ad5fa4f5e3a00fc5ee3e645e25d57d9f86a0ddaa,4,2022-04-30 15:39:38 UTC,
b11da7c9a21d5657229bb5d279d6652ffc9c7e8a195e2e889714e3c6f06923a9,4,2022-04-30 15:37:10 UTC,
002ba0ad2c727cd8c380ecc751ac856761ab34f38390e69920abe7d4326efd51,4,2022-04-30 15:35:24 UTC,
676ba1e8ac9346444bccb564861d1a1d5cd5f5885438ac73ebde08c8f2024d11,4,2022-04-30 15:34:22 UTC,
1578efdf815dbb27513876f12ec108d4ec8b14246d8fc4b8d1ad3c8064e9275f,4,2022-04-30 15:34:14 UTC,
d036e0ae049dcfdcad27f9bb6c7c4823e4c6b1572548bf0236083fb025e2725a,4,2022-04-30 15:25:54 UTC,
785f7f842b6bc141166338f4fd7ba024f772d7eb7f95df7a3d284a31b7e85d27,4,2022-04-30 15:22:22 UTC,
e9b127df8bc1a171df655950467a3667e75c9957d13ccdf44814ce7ea6c6e2d0,4,2022-04-30 15:22:20 UTC,
bbefc6c17d0b77a2e39e7f60d8859941beec317ee51990bd9da2b926731fb32c,4,2022-04-30 15:20:44 UTC,
cfec2143e6195a2ff8489cc86137d7fbe69054674d29b52f21fcfa57c817653f,4,2022-04-30 15:20:21 UTC,
46539066755ac23cdfdb0335a1e2ca60407ac79fcee8167ff2a74893d1ca1b44,4,2022-04-30 15:14:47 UTC,
e2e70bd30dad815128ea6626569fa0b88873def82e9f944360527b8faf5fcdf7,4,2022-04-30 15:01:22 UTC,
c157838b31fbd2932669cb14d80d91ad939a36e0f71898b8c11fe946d798feac,4,2022-04-30 14:52:19 UTC,
7020b276ebbf00ea732cdfb64798043ef2e277c41e259ef816003a58b4a7578b,4,2022-04-30 14:35:35 UTC,
60a6989f84cba7687f7b7b8d10d740bd83f95e96973c2b52014294105024911f,4,2022-04-30 14:35:32 UTC,
331bd0e5e4611415e37df978439b6cbb9da434b3af1eefaa330c30fb4099b967,4,2022-04-30 14:27:05 UTC,
c5be815f22e0adb9c259c64636e952411e5e5422302ab8561399450f9625863c,4,2022-04-30 14:24:28 UTC,
a94610010be7da489762518876e3f18e6b01302f26973aeb57b93e5f6252adb0,4,2022-04-30 08:16:48 UTC,
6f018a84ffa32063781dc1cbb07bbc45daa6bd9a5a7aa83fd9e518166f06de63,4,2022-04-30 08:15:19 UTC,
d9260e36ecb093add93902cf15d4e8a5dfb0d5d257e42589740582217144c6d2,4,2022-04-30 08:03:06 UTC,
4eac895a412b26946e98b5089e17c49a953639485f0f45de6471f49c644f7686,4,2022-04-30 07:56:28 UTC,
2bd798c0836c316391b58d6256131e389b3bac56260ef4cade80b3d81bcd4625,4,2022-04-30 07:55:18 UTC,
67c17c4d85b2a7c27c26e3f5912dcb893d7ae7a693c1e135b7093b001d087b61,4,2022-04-30 07:34:58 UTC,
011923e2bc2ece56885e6eee17dffe16ee096973b5867bd1423571cbc1551309,4,2022-04-30 07:34:11 UTC,
69568a2f7a9310fa16446b90f0c068707eb4b90b2d0749a01952a148e5c811b0,4,2022-04-30 07:27:44 UTC,
bd8336bbe51e89b8a0a3f81cde3bef583846c41d077d8b4b2e32e598d18b886c,4,2022-04-30 07:20:49 UTC,
b331872a2722cca723ae6286273301b873758a8628960cc0095f04f7a13893fb,4,2022-04-30 07:13:28 UTC,
ed6ebcd0fa7af3c2394d21f15043f385bf4f7e3b50fbe9862b3900454d6db55b,4,2022-04-30 07:05:33 UTC,
e403885375e906e086df009c33fdbc3010b95e1b2211d56007e5db0162a18272,4,2022-04-30 06:49:10 UTC,
4e6e3fdfe222434016d7a25620c8abbd96eae09bac2569efe9fc79f24caa0834,4,2022-04-30 06:44:26 UTC,
ba092055561afcb553d3295606fb514170d8cf88e3bd811f0d79993c3793a203,4,2022-04-30 06:27:34 UTC,
fae8d5f66d6bd6d35ee66f2a254961c5002dcdcb17241f4b6da3c5170a553ea9,4,2022-04-30 06:22:03 UTC,
a189d8ba2c7dbff14d4f230b77431d7dcc2df8bee84f9698e0d9a6daecf4371a,4,2022-04-30 06:21:40 UTC,
9ea4da027d9aa8fb72381ee8d3b1b7ccee253c72c4316c99a6f7024aa5882123,4,2022-04-30 06:14:16 UTC,
e71cf33bd0996d01ddccc0afd6e02c445e4e508c38ffd94a0a50f673357c2bfe,4,2022-04-30 06:06:42 UTC,
1401b827e3ff2a40a97ee7f5e0166df2c073a306cc37dfcc9bd8e0594b3d8fc9,4,2022-04-30 05:51:36 UTC,
531b8313b0488c1e7c4c4e0a7094876ee852ff326cdf8a975fdc3869b835a8e2,4,2022-04-30 05:44:51 UTC,
c8ab006aded84a552ce9e0ca30c4ae86bf563b2396bde8be51b00ebe4d445b0b,4,2022-04-30 05:37:43 UTC,
047b83173e118ea41181fa5ffd919f85a5a5822045c7e1b174abb26145f87db8,4,2022-04-30 05:34:46 UTC,
f507016956a9f849e11e1b04e85008c5b475484661128251f0bfdbbc9e1b7345,4,2022-04-30 05:31:27 UTC,
b42dfc492d7ab0fb8cd51e323e87a2844755b5ad361439a766b4bcce9b19639c,4,2022-04-30 05:22:46 UTC,
9ceb278b00a06146b88f9ab7fc05b33b86424a622b3fb1e6bdb16833ff207735,4,2022-04-30 05:10:45 UTC,
0ad3debb05768ef871d4c9fa95d141874805a70f3e724fbac963d0bda575212a,4,2022-04-30 05:02:21 UTC,
8a1fee6084ff77d0a6f88e2b4bdf83afcb801a905172f32944d784f3d5eeff10,4,2022-04-30 05:02:21 UTC,
375004ada82bb5d843f9d407a32e8ab8b7b5768802661e382f8de11d788320a3,4,2022-04-30 04:54:27 UTC,
fc8a146ea40523eb9f5e7b7a4217d40c54da9f0c40e45a6d8c4ebdffb907ba57,4,2022-04-30 04:51:29 UTC,
6f940b3ce9692475698569cda498f77736f12697183bc6dd1b839aea3cd573c3,4,2022-04-30 04:48:03 UTC,
9d25287960a1bb423c1258260c528a9385eff7a8979a043c63e2abd7b1c9a3bb,4,2022-04-30 04:40:34 UTC,
25954854b55074c42fe2176581b98f0cdb9befad851c9b3d4283556f2b426ddd,4,2022-04-30 04:33:23 UTC,
fa63a2811b6e95907d3e5a7be9182f6d915747814009387aa264626f909d5696,4,2022-04-30 04:32:09 UTC,
d0b39b6550a0e702982f15a5c9b518696dc7ecbb6a838c0806fa8a44c5b80107,4,2022-04-30 04:25:28 UTC,
510eae8bfa799780b0b38a922feeac7596abb6b35e023685c7ace76ee87a7ce2,4,2022-04-30 04:17:40 UTC,
f096c3aa7609fb00907aa3e092f23850838be8c6f88c48798271ea6a84abf97e,4,2022-04-30 04:10:09 UTC,
b800e0ddbb9108d1975bd5ba3d8802b7eb34b8be1b24a085ad325e185b73fcac,4,2022-04-30 04:06:51 UTC,
744f60eaae312a58bb0912ed5c942f308a700dbf3ce939bb5ebfde129185f3f6,4,2022-04-30 03:55:44 UTC,
ffbbac4445bdf7113fc537959d0e2a79ccbb517a2cb4949cd0a0505bef132951,4,2022-04-30 03:47:27 UTC,
949a441333ea63cdf08a0602e8afa60b5f1aa9fca3ffedfde7de4aec6794027b,4,2022-04-30 03:41:18 UTC,
f7cca760361efb1bc2929e0e2d0cd2e6bb7256858ce9ba50acabe91cda104b42,4,2022-04-30 03:26:05 UTC,
fe875fe3b8769e555baa75af642db64e3b1b8f9cfc637dadc716d28e75208c02,4,2022-04-30 03:19:13 UTC,
efd46b42d91a8093769ca0386cdb30aa7d83d1565f09340bd1c1e1fe5e9ffda6,4,2022-04-30 03:16:51 UTC,
3b7c84238566b9be4a3a662f92134d7459c72bcba99a6b6e4e761a81b863e2ed,4,2022-04-30 03:10:41 UTC,
f954aaf84e004e453513e53504b81ba826655d6e9d58afe42b0792523977edf0,4,2022-04-30 03:06:41 UTC,
4bf6626de5acad2b5a6d984215d4905a52debf8930be25ab17742818bbde013e,4,2022-04-30 02:43:45 UTC,
93ea9d59ec527178cf995780f19628979fb2c499cbaab1600f91a222775c79ef,4,2022-04-30 02:32:38 UTC,
de16baf23b41b7bc8875a4dc550d079374185866e5f61ed6ba400a83d02783d9,4,2022-04-30 02:25:30 UTC,
19fc2e7194b51495dec330cb1c8da9b70595032521b1d8591ccd4939d4dfc19e,4,2022-04-30 02:23:01 UTC,
467003a6c7c105d73726c16615ef4853d6aac3b622141be81a9cef63f405e05a,4,2022-04-30 02:17:59 UTC,
958f7490dc60217f333ca535b55e4420b3afff79492e6894360d4768c30b5096,4,2022-04-30 02:13:33 UTC,
980740f9898caf7725c5c9ab41ad943734fc9e96f0543370bc2889344888a594,4,2022-04-30 02:04:24 UTC,
9008553c69fdffbfe16db1da28647566d36168c6d4fe749bb25fbbf365b72239,4,2022-04-30 02:04:16 UTC,
39560f393c5ffa0095197d64d674ce13d6f798a4f485b386238bca92a03bbd8f,4,2022-04-30 01:59:35 UTC,
03c67d958aafae473d0a8b632dbf6f4f01656a5a0fb0c7d4724eb620912295dd,4,2022-04-30 01:53:09 UTC,
c580eb178a7a0994571709c5d1bba2f8557f585a5f1cdccb5ac78d59758e7bee,4,2022-04-30 00:52:04 UTC,
d14e35ced21255631488ddf0badee5f65f55ad35140ede408203eca74f59e4c1,4,2022-04-30 00:43:53 UTC,
1c63c60db408e9ad5bf8bb8dc96b392079f3adc8d51d5c70084d1d385feac35f,4,2022-04-30 00:37:19 UTC,
6639ddac7a47cc2b6a296a9571ab5e8b7cf8fd4a00f921b1a6d5ab284f7f0d28,4,2022-04-30 00:29:30 UTC,
69b2d55d501f603a5eb5ab7189df4249c49c478b05ed2cafa88f4d8658e8a101,4,2022-04-30 00:26:26 UTC,
caad054b00b142c30c89aa9a49006cd0b5b2d5b42dd4e73d6a4b46019c698466,4,2022-04-30 00:07:42 UTC,
3cce87ddaf7ee0edd89c17937bf8744467310661e85e21413b57cfc1d725e76f,4,2022-04-30 00:03:34 UTC,
395a5f193143717826f7ef8b084a7f1d63a179fb54c6e0806ff519fdfe2972a1,4,2022-04-30 00:01:20 UTC,
f7a271df1cb0f1376475bac169089b74fee27cf84dff1493baa4d4d0a05a3688,4,2022-04-29 23:52:05 UTC,
cb8930a2a40e75e7b10dde268daeb69e9d7c8905aece57280a4e96fac35aaa6b,4,2022-04-29 23:45:57 UTC,
762933284d9f1e91c8b428691e911ea03b4e32613b3c33d976a31ae169433aee,4,2022-04-29 23:29:23 UTC,
ca8a0929965020b239a5196dd84a2b5e016b8abaf60806460f5b217c5a54ba7c,4,2022-04-29 23:21:23 UTC,
8280b9de5c80e8ee20ed0c667797b72e1d533ade509bd15947682b58897b446d,4,2022-04-29 23:18:37 UTC,
62a3b2bfc69d5aa865f4ca74ac7fd6f40ff027cad9c476204eefb5fdc67f4c11,4,2022-04-29 23:15:44 UTC,
c490cc56ba31f02732b03cecb37b2a3342d30b328787cb0116bac413ed4f0b40,4,2022-04-29 23:10:10 UTC,
ef1ff6032632729c74458b3888ceadc2d2cb311fa2adba8fff6ffe6cdc3df139,4,2022-04-29 23:10:03 UTC,
ab9eaf7e6dfd26cc355d0ff941cd884029fca01e3080b012da6784eeb2c22221,4,2022-04-29 23:09:17 UTC,
df27d111a417d093f53ded376e3b4fed1dbfb3301d496b8141f82b0623c47010,4,2022-04-29 23:08:50 UTC,
490e09cdf2688c780cbd38cfaeb9306bfc50f9497113babd682ce3a37446c6f7,4,2022-04-29 23:08:47 UTC,
9039be66e6dce69159445cf2a5b99a845e8e61571293a0b7786f1539b172dc42,4,2022-04-29 23:08:34 UTC,
765b7610eb74190a08751ef5f2acf931c8fcfcada6ad7288e2c7ce1232efa217,4,2022-04-29 23:08:27 UTC,
432b4e4aec75836127b2efa120989d432dfb5f11c4ea0a2e330b7a7aaf4ca454,4,2022-04-29 23:08:25 UTC,
85761179da2e327a5a910ceb7f428ec6b2cc0f71931e75f0c162045b5050a5fd,4,2022-04-29 22:59:01 UTC,
957ffa1dba97d17f98f30f62ff777b138e19185dbf2b1a9f603d7dfd3c10f391,4,2022-04-29 22:49:34 UTC,
9937eaa95cdc8ff29560ef56265fa0a89e62495c6472fededa7af69869d0bd4a,4,2022-04-29 22:44:55 UTC,
279cc3d04371a14fff1a4b5314d32f8561865dc19e11dfdbb59c6d95e20058a6,4,2022-04-29 22:36:18 UTC,
9750d8d24809a994fb966904741313de3ceccbb81668ba4255f585a987f80fa7,4,2022-04-29 22:35:41 UTC,
4ae7acec25c1aec697e473818dd2970de942f52e1251c5cd1b7b79dee6de16f1,4,2022-04-29 22:23:49 UTC,
275a08bc26735f7fb94cb8120df3a4b041f6a053c9892f24e57c3ffd02880790,4,2022-04-29 22:01:28 UTC,
137b862e62d1b10a2211b148a9fa160fea74351e18f6afc8c2c6fd5ad041d513,4,2022-04-29 21:59:44 UTC,
2a832f204344fc112bf28536dc458e3c7855f3c1cc18089d85ecc8e9dd6b2146,4,2022-04-29 21:53:26 UTC,
2dfe6fb19bde5846febf6db6e184da9c14864aaac1ecaf4c639425379015f396,4,2022-04-29 21:47:17 UTC,
6d78f45ca6076342c5a9f633f07c414ba74a56ca7c112d065077925b1f13cf17,4,2022-04-29 21:46:18 UTC,
1ce5322742c92b24a32c95e9511f1851ef24926573451ab9861fdce56095eb91,4,2022-04-29 21:39:19 UTC,
909d18fc948bb3d4bbf5e35882637e511ec585628ad1ec82797b18121e5a79f2,4,2022-04-29 21:32:38 UTC,
fc5c22aae496b47bc044bd293aa1cce59c97031e1c60d72b9ebb361aad1e5511,4,2022-04-29 21:16:55 UTC,
d084a16b0ba59965acd87068758f07c9a7b97d30a414b4add700bdfcbaf928b9,4,2022-04-29 21:13:34 UTC,
23be18b5bfb78f6652b1f69f9286c9b54dda59e8570fc78dc5e51073151301e1,4,2022-04-29 21:12:02 UTC,
65546bf57069e3fd9b5fdbfd1970f34ced837554c6056447b5205935d1158d14,4,2022-04-29 20:55:17 UTC,
f5c87a0ed1d2dc84e9ba764582f0bfef033347d2e5cd901ff46e5953fbacc00a,4,2022-04-29 20:47:22 UTC,
c56ed8715812fe19b7810941271f3deef11416c0c5262450bffb907908d96e7c,4,2022-04-29 20:41:38 UTC,
514924c91fa7f344b6fa111b8d11a83b9531dff68a2cf968b2d37d5fb2ec8ac3,4,2022-04-29 20:34:29 UTC,
892202162be2a9d7f3e2b5aaa6a25f94b33a091569634910ebc2136c76419d4e,4,2022-04-29 20:34:29 UTC,
0a4d5d249ff3f5dc8637af415119a06e2eec44c98ed13d0c757cb2e6ec5cdc4f,4,2022-04-29 20:20:45 UTC,
a7c451e433bf9125fd64189314f14189706f909c45673653954dd155538dc221,4,2022-04-29 20:13:52 UTC,
292491126385bb57f632a57699dd115153206b2278469b5f5d14cbccdbdbce5f,4,2022-04-29 20:12:34 UTC,
2e3d25c1dcc570b282d80837395a87f40c4df350cf7dcfec46905bee4a3b7ceb,4,2022-04-29 20:05:15 UTC,
330dbcafc7e80b47e1bfc138b7e974eb74b9daab06593b7ec2cfc86cfc1110d0,4,2022-04-29 20:05:15 UTC,
736e90cdde463e15b6c2a76d16dbdcc77077be12903a3303af675923de24a51f,4,2022-04-29 20:04:27 UTC,
ddb10bd93880f52439f058692ee3c6df30507bfe5571a25026310f0221f5bf43,4,2022-04-29 19:58:03 UTC,
847ee3444d329dcf48e16c63c52186b3871653ed26064ca6bc395306925cbcba,4,2022-04-29 19:50:53 UTC,
3f42fbc78350bd6722025de56c3619b66c8806f006860d632688328921467382,4,2022-04-29 19:42:10 UTC,
16e55f9d058d6c5844faaea7c09d92bd732de7f95d1af0fba8ed0109f371d230,4,2022-04-29 19:41:42 UTC,
68d7dd094edaecc53c0fa57e758c828b8c58ed795cd170ab9f08df2d14d5151c,4,2022-04-29 19:38:31 UTC,
2f6df489adc0524fe43524115bf3584b449f37abb109d311200068bdcad1f049,4,2022-04-29 19:34:57 UTC,
b2e6708b9bfd00b351b4232e97fec6c2b9e2e9fcc966e2251c24f1383f2ba099,4,2022-04-29 19:30:57 UTC,
44a26cbd6943de01685f1e5a87d1a161a531596ed4868f01f2f40f10e174027c,4,2022-04-29 19:28:42 UTC,
4273b35cd94fddb1dd9e3adff54c337b8712b9744ab80a106f8789718ac44a25,4,2022-04-29 19:22:49 UTC,
ddc5572bebcb2a626e2b6413ed5576d864ca9ce28b287c7b6c450ce4e6649e65,4,2022-04-29 19:11:47 UTC,
303ab751b238dede339d8c053b43064fa481521e22a2f67690fba24e2f0ba53e,4,2022-04-29 19:07:21 UTC,
bbb267f3e4fadb5c21675ed06b959201b0c94896eef2124217008f517c94b544,4,2022-04-29 19:04:55 UTC,
688cec94ac6607045817c56344c8dc639663762c6ff19cae3856e6faa6576b3c,4,2022-04-29 18:58:38 UTC,
6a12cf01b83caaa55dd6ce950a1c3a462a87da92cc82b1a757270f5fb2ffa3f6,4,2022-04-29 18:58:28 UTC,
4c8c7fdf1fa53aac7d64432ed7f073459862c31143828596085d43bdff16e895,4,2022-04-29 18:58:14 UTC,
6af56c2b69b17c1a8c017736f00f59971faf03c4c6b18e53f8981447da518b02,4,2022-04-29 18:58:10 UTC,
d9de4e571f235221e15d11a2fc7ff6dd18356e25d332b95d35d9dd2c63021f71,4,2022-04-29 18:43:50 UTC,
00ef4908472178296a81235683a91901a2905c0c3ba97bbc8ddb7108a3a530e9,4,2022-04-29 18:38:04 UTC,
cb49dafc9f56035f9af5634af7b4a83dcaadb0464ad42e155b34b39a938a4e4d,4,2022-04-29 18:30:43 UTC,
3cb862ed3c322663a27b11909de79d15d39df5c7eac906b5fbf6648d89710eb4,4,2022-04-29 18:27:38 UTC,
4adeb6478a0b49c96c319833faa8cea6aa6acf0e80fa69449d53d09abe529a1e,4,2022-04-29 18:24:36 UTC,
233899d99568bda843d4563c1d945593ea358fc1bd75b1472849e0a468cfd3ce,4,2022-04-29 18:16:25 UTC,
221573a41b06e8dd6245cfc4cc110aad91668f62e444be3ed7f2b6bd50035adb,4,2022-04-29 18:13:29 UTC,
5a0a8798513846c080742e966c63c75e68c9fc979d71ece29a84a1ab9b1e51eb,4,2022-04-29 18:10:37 UTC,
1b9a0e50680ae5260d45519c6aaf2cb59582e123bc8cbc286bdd3d8d0e61e349,4,2022-04-29 18:10:33 UTC,
89324d067d91cdb173f46f85fd2cf99ea264ec40e3dba1a66791822f04dffa88,4,2022-04-29 18:10:15 UTC,
a4d0367b7b20b022d7cd727b7d356c68a16d02cce1fbccff1c6874166296e441,4,2022-04-29 18:07:32 UTC,
16a176a0d727c429928d5d43f3c45b9575ab77be6d5d03930423279d3e0c2217,4,2022-04-29 18:00:56 UTC,
9ab7f834b560493a4fc1a029bd56267a6ee04db28bda8909a367889cc5700f9f,4,2022-04-29 17:58:05 UTC,
52e67261427603bb5dd4b896e8908295ae6461529d5ac8a9268ff91c321dddc8,4,2022-04-29 17:54:24 UTC,
4bb25214f69e6a8330ac2c0aed38d66f2a321094f01a970a678f8ddf018ffcad,4,2022-04-29 17:38:27 UTC,
590dc8a1238af679b38e098c518a4531cd655592b8309f7b0e6e1f6c1cde69ab,4,2022-04-29 17:37:26 UTC,
0fd347da9655f8ca8e92961075579f518ff6e335ab96cde027240fba08f01122,4,2022-04-29 17:32:08 UTC,
9acbd2e0abc8430801de0d31d2424ce97d79ea1eaa82e65fbda21837be7acc99,4,2022-04-29 17:31:48 UTC,
ea49d9078889b6fd881e65bc3037cce6945fe17a5a251e4c2475e907e67784d4,4,2022-04-29 17:31:47 UTC,
37face57bf6e87f7361cfd556b0d6cfa2ebd8a7873feb97d281adafab69a59fc,4,2022-04-29 17:31:34 UTC,
5d6bdb178ee7f9bba0949ef751a944698130c27e49c219c31547e87f8aa41beb,4,2022-04-29 17:31:21 UTC,
2f7db0a9b83bb0a9ebfbea21aee86a45780a01f33fe5c2dd66b9c4a4d606d8a7,4,2022-04-29 17:29:57 UTC,
a4f182e7035e435e5cd1b102620d913353f7911bf0b3defee9c1f4afd9c7d532,4,2022-04-29 17:29:49 UTC,
829779e099683c5cd8ed344d77d759deeac6303fe392562f4830e1b275ce0726,4,2022-04-29 17:29:43 UTC,
04cd4699402a9b658b2fbdfa2a8b1222080a3c2f4c97f6e1bc49846f6156632d,4,2022-04-29 17:29:37 UTC,
240577426e5695a5f6f0bb5b5bd6c3afbc2d8192500c87cc497c9fc44b83e07b,4,2022-04-29 17:29:34 UTC,
9dc0d73abba264a598d7dfdc1541b6bc0733283c3e383b91397aab65ab74abd3,4,2022-04-29 17:29:32 UTC,
d329c9e1701e06972660faa5fd5606d2840408391062841b960380784f89611b,4,2022-04-29 17:28:52 UTC,
2868f7bf72320414c6a38bd272fa423a893f80b43265fcb876f23374e06760eb,4,2022-04-29 17:28:09 UTC,
e1b60cd2408ca76f64bd02268335d117897e3993e3a9119a2e2e83ae130af135,4,2022-04-29 17:28:02 UTC,
bd347b147ed03120c62d0dd33cce9cbc93d994969c7de550bc5eb7e5c7eb3d10,4,2022-04-29 17:28:00 UTC,
a69b4ec13b770406bb8469fb561589e62edf73b60a19f73ad2bdcc61bcc0939e,4,2022-04-29 17:27:56 UTC,
d06e96c4c4454ad742430aaf01f0708b4a9f65557f55b26e7659d2aae0a5a561,4,2022-04-29 17:27:49 UTC,
f4386db1b875cda5a80102c0c89a98bb52392625bc02dd49fe77191174194830,4,2022-04-29 17:27:47 UTC,
3d46e87ac6ea75d3eb0b91ac7eb617059d06c2cbd0b630e7241c6343b1838c65,4,2022-04-29 17:21:31 UTC,
dc5ae37abf652b57e196f830f295fe9b6889e4916cd443123c1355d757944cbf,4,2022-04-29 17:21:24 UTC,
4d4b476528bc1c635081ea56680df609c946b3863c0289503e4f3266a0076f84,4,2022-04-29 17:21:22 UTC,
6696da4130c4943421a89e9acaea0ec43754f32eb525d6f3269de94672658bb2,4,2022-04-29 17:21:22 UTC,
e911bd8bec0c91d0055ed48069c43dc90c6f41890407dfb934ecbc96479e9b3f,4,2022-04-29 17:21:20 UTC,
33784f59ad3d43482fb04acd160f12b6b735bdb0f90a8bac1b6f7411b5ec3046,4,2022-04-29 17:17:10 UTC,
79bd66d9c374ff22e793365ad0bba77c1133c0ac18b722939efa3f32944afa0a,4,2022-04-29 17:17:05 UTC,
959e84cbf0fbcca96111f16b8f87562a75c13b99102569fdcf381b5085ebdc8d,4,2022-04-29 17:16:27 UTC,
577bd7cc61aaeed196f842a831a79dc5991b964a7bb3d67d518e2d7cc680507b,4,2022-04-29 17:16:16 UTC,
0fe28798190a4e42c11b0d55089adb92c725846503af1b51b12ccb3d2bac3ec2,4,2022-04-29 17:15:42 UTC,
747515a64f1d76206e7805448c960ee68002ee59dd19dd784d34942ccf8e3f84,4,2022-04-29 17:04:05 UTC,
d816b8bbd8185d7ea334501ed94f6a4e7030355c0da7cb49229f47f356b065be,4,2022-04-29 17:02:30 UTC,
a3bc9589688429989f9df895e8e356c86dbc74d102608c70b7f216c3b027cec8,4,2022-04-29 16:58:12 UTC,
30e8f4f3ec96f969363e915fbbb02fcd9041a951a252e11fc4a1fe2e1146ca22,4,2022-04-29 16:50:44 UTC,
bd62cbf931ebae1b8f018e69bb1c3404366f6f3923a727b12a0f73e36beb0ca2,4,2022-04-29 16:50:44 UTC,
013688db549c822aac30ee9dd5caeb4db1ace9eaad88fddff831f62d012fef5b,4,2022-04-29 16:46:53 UTC,
ef02d982ff9c4b97b667cb12e26de9bd81e46571e063d4c29e70dfd11f26fff6,4,2022-04-29 16:43:37 UTC,
43d9492fcaf95ec8b3993632d3f5cc30cc5fa1ed9607c90987c67349dfe3fa12,4,2022-04-29 16:37:15 UTC,
49a8598da97b56fe93747a3bf09cef80b91592b4d568e7b323e3b6dfa3fb6693,4,2022-04-29 16:31:28 UTC,
4e94158bd777da96962ffa038295c8b07f0b4a69bec74eb3631e59de9e878724,4,2022-04-29 16:21:32 UTC,
76b0566ce0e3d759d22313507298ffeb752f8d6cfa4da2970f6b7bf7cfb50979,4,2022-04-29 16:12:50 UTC,
99473317f175ac1ae822726e1b27eb415c6897e9295c373f92b8da34bd38a578,4,2022-04-29 16:07:27 UTC,
7d075882224d8c4f3bf9ea62c893e8c7943ea2348d5674628af0767079684aa7,4,2022-04-29 16:00:05 UTC,
46e2cd5ce627a1a51a901597811d6a016b5add9d15b00a7fc55cd62b70850db1,4,2022-04-29 15:53:26 UTC,
9209f5c8a46f8f56cf2157b1d59f30c819a69f2105e49bc405ac0fadd224b308,4,2022-04-29 15:41:14 UTC,
524480d428fd0771b04f11efcd43cf5b3f36fa74b57f65612f2eca0e484d383f,4,2022-04-29 15:41:05 UTC,
678aa9e570ec47ad573b7d872ca5c76d4e30fa23ff9c7457b37be2814d92e4d6,4,2022-04-29 15:41:04 UTC,
93cd97eb25e32758309903d36073737cbc24588d6eb66da04191e13b5b20ecb3,4,2022-04-29 15:38:54 UTC,
dab3056c813536878a5c965d1c23df6ec6778302e23790e5359843d6d49bfd63,4,2022-04-29 15:38:25 UTC,
42b8c272ad81d0339cba72290ab8400f203cac186ecc3cbdf1813f55a2b8d550,4,2022-04-29 15:33:29 UTC,
c38e7bf19dcfcc98b4bef25a78b4e9b22f76b333a11785afb33e489d88675775,4,2022-04-29 15:33:29 UTC,
323e10a70f17d7ce5bc82539f62b1b8abeae6c88217df381e169a8224f2d7f7a,4,2022-04-29 15:24:31 UTC,
58e58aad53f07483e8d2a8d45ebf474df3b4d92d4132fce9d89a2fdb0e52c4c6,4,2022-04-29 15:18:02 UTC,
870d0ad23f66ed42da6b996300e9f08e4d21640048e9202ffb86a4c40a9edc8e,4,2022-04-29 15:10:16 UTC,
f5ae7f870a146ed088b0d8b19ebda5510649e177c04b39bd01cb689b0287b2c1,4,2022-04-29 15:01:40 UTC,
2c5b707a53ce3d4930326c72c869627783d203cbe8dea41248e80ec47fa19885,4,2022-04-29 14:55:37 UTC,
8ef31cdb98622e1096782da05f1edb2ffcae24f1ae965536d6c89008573b18e4,4,2022-04-29 14:46:52 UTC,
09435cab6eb81db1683a7303f4663ada2bf3b20c6037af4810ed4bc5e989c2d1,4,2022-04-29 14:42:25 UTC,
00b42a9e91043a4e33f63fa3df38b7325c4665dc6cedac4540fda3db790e9a72,4,2022-04-29 14:10:47 UTC,
6fe5f8ff127f1af27cd8970195bf502d49d89b0f485911232f8aa41396d1cbb6,4,2022-04-29 13:42:13 UTC,
6f0fe03bdd1766c138fa1076e61923338685d333a09c852f375b3b762b5cf575,4,2022-04-29 13:10:42 UTC,
3b572287a00b062c859ef164124568c5f0959c593318f15e1a2ce8cb4cca4292,4,2022-04-29 13:05:15 UTC,
0ab62acf2498a2cf6f6e5736a03a573032c6e1e0e10b27c311f090c2c4d4b947,4,2022-04-29 12:51:36 UTC,
cdcd31730b6d0d8d0a444464aa2406e4b4ff9b20b32810419f20a6dfa76a10c7,4,2022-04-29 12:43:40 UTC,
850253474db6c1b08ae62756459742be761769858a28c6ced29662ac871c54f2,4,2022-04-29 12:35:34 UTC,
beca1d196fdb2578898f9f6f12072fa5724e1b5ab76aeba7f8d2eb0139d1310f,4,2022-04-29 12:34:47 UTC,
c569d873f6b1856f239b975ed7fad8d4626a71fff1092e7c8cff03fd85501807,4,2022-04-29 12:30:48 UTC,
e72513c970113953aa5afd137b556231234ffe3cad785efc37f4af497035ceb3,4,2022-04-29 12:30:47 UTC,
9c681b0b32a99406e3b3a55fd481c96d1724b34f1cdb724b80001844d4b6aefe,4,2022-04-29 12:30:46 UTC,
ba28dcbf72db1cd45895898866720940c75822ee91316688f5916786c6c54486,4,2022-04-29 12:30:37 UTC,
5b16c108dd02900e3619a6b783dc94584ccac5aafc0370b2b060315ce998cb09,4,2022-04-29 12:26:51 UTC,
a2735128724d228e82429fc06171ebbc172efecd269c170974b83227104c165e,4,2022-04-29 12:20:50 UTC,
6db3fb92326693297a658689b593e572397d6fd8297ab35fef63e7ef54a3b564,4,2022-04-29 12:10:42 UTC,
0b387ed65861fd6aa7d6d21cd3a45930c04090ecfe825d5b3c9fc7910e1cbfe6,4,2022-04-29 12:04:07 UTC,
e0c3bf8e60216f3e573706b76764d081d2bb6b634a22af50a34dbb57ea63d016,4,2022-04-29 11:56:53 UTC,
063b9a81603575561d1e7c82255a39bd6457a48798344353ac6842537550d540,4,2022-04-29 11:50:38 UTC,
0ebad09536d0d49fbcc6ed83e1b4f882af7fd07d52497c40d58e71ccfa247ad2,4,2022-04-29 11:50:37 UTC,
d2a29e579a5a3a4a804f2ee7f36da98718cb75acd6f0d5b2c3ba3c9f774aa4e9,4,2022-04-29 11:50:36 UTC,
3dbb02ed9e60c95a6268a63ed540c0c0b5cc8b8dc5dea0790d511c1c83c5d3d1,4,2022-04-29 11:50:34 UTC,
a226b66f1e2ffc53148a5257d541195b8c03654df5e5fc4f28007875ce674b37,4,2022-04-29 11:49:23 UTC,
2b7d159b30d04df9d69a3a70a0fd2938df40c5d4b363f32f8a2688cb57bb20f8,4,2022-04-29 11:48:54 UTC,
da091f5932408d2fe5c19037198c79b2157c7125577a5e20def1bd0dcc532b39,4,2022-04-29 11:42:40 UTC,
8d85e901983b58c85311b6a827ab97d41f0e75418f5a56339a69fb2dfbdfc3d3,4,2022-04-29 11:35:09 UTC,
1859ae65da059efad607647b199f835aba0ef8f2f021332752ed34f877087de9,4,2022-04-29 11:30:29 UTC,
10603f7d9791aedaaf8b25a4abfa96d2fe3eeae9bb62e6965aa6aa3731751875,4,2022-04-29 11:30:28 UTC,
1318c662cb12883ab366e8b1381a7954ca25974e3d69dd1d6858b1f71389def6,4,2022-04-29 11:29:00 UTC,
ad784227e34154050bd632ba39b289e1dba450cf4594e1e0dbe15492e6797e22,4,2022-04-29 11:28:40 UTC,
f4d0b84ceb89a7e30d2012a79c437be2a6d2d1ce7a2148936fc93bb35fc1862b,4,2022-04-29 11:25:45 UTC,
5f38405470444b691ee14ae9f8893686b6afb0712a07c0d1fb690a46fbdedbcb,4,2022-04-29 11:20:35 UTC,
0185f29552cc6de25d49392fabc6c628df618a363d1eafc4552f22cec6a7f5e5,4,2022-04-29 11:20:05 UTC,
6bbba13e7c283071b6ebfa355c57211e0a145c640095693cfb3b18891ddb1eb0,4,2022-04-29 11:15:46 UTC,
b24eb7dfcabccee48591787c1857d2bd19224de8c1b2db3bdc2b4b445a6b69d8,4,2022-04-29 11:14:07 UTC,
2dbd2f822f9cfd213c2288739f1b6deb5f902209db777702f7cc9aa055a0e224,4,2022-04-29 11:10:44 UTC,
51079269c5763cf7b4c608ad9068715b060efa1d26ae927670ce03da20d16d86,4,2022-04-29 11:10:41 UTC,
90dcc0b1018fdc38df485c6bed46692441da7aa259fbc7a28f79a61cf8387033,4,2022-04-29 11:10:41 UTC,
2cf960a3f134422dbf74faeeb816989f92ce72d4ab9b8c007fc1e57927887398,4,2022-04-29 11:10:39 UTC,
b916c5dcf915b694e40b0d3ed97d78a2b4515e3d1ab3c6db0ca9333a9cebb9b8,4,2022-04-29 11:04:16 UTC,
a80ceff7d733e312cd2a90c08c1f0f087d5ed4f842e5ce3e9e6c28f67fbf23d2,4,2022-04-29 11:00:16 UTC,
9b4b5b9624ef1033c2fb0324b8f6121f02a052015254c06f9861b7b4afa05cfe,4,2022-04-29 10:57:10 UTC,
2d891dd9df917a0ce72ce7c516c170c064e3b11addc6aae273c4905bac907a25,4,2022-04-29 10:50:08 UTC,
30210547dce5fa171a1a6555d293867d4c67139765df476efa94b9b9b05ee96f,4,2022-04-29 10:50:06 UTC,
8eb614935cd5bb4b431b2649403e03ecb1890a4cf798e2e4aaa8f90fe0076d3c,4,2022-04-29 10:49:48 UTC,
60cf5709fcafe85b7c5beb90153d84a43050fe3991e43b4bb61892458a056b8f,4,2022-04-29 10:49:29 UTC,
6e161047fc9cbd4ec8918152b09aec1599f2698e017d3f792d58daf77253b868,4,2022-04-29 10:49:26 UTC,
c6242f30e6546205d847cb9305d3cc67effa8ef6b91c147d1b989c2bf107c267,4,2022-04-29 10:49:18 UTC,
199cfedd9c46a1862845cee1746e71d7c23eb72b7ddd4ad090fc1f89d6f1b70c,4,2022-04-29 10:47:50 UTC,
414a904a7358e748231b6161dd4a3ca75ead0ebd36e236013c9d787143fe46c9,4,2022-04-29 10:47:50 UTC,
3ec3fc884c4ef21f0e496cd0495765d91a1001183c6e3b8987ff3a72539fc6e6,4,2022-04-29 10:42:34 UTC,
ceec9b48a04db5c9d4bb6eaa5255f50058f436550cf42b6f11befc675f6c11c9,4,2022-04-29 10:06:04 UTC,
f59991e6049f4df8276bc88d64c3350d078efc56af42d9352423ec7b2620bb35,4,2022-04-29 08:10:13 UTC,
0016dab5c65517631ba2d446e24fb7e01bf28eda72aca07e14dab6160e67fef7,4,2022-04-29 07:51:23 UTC,
6042009bb6cf623257dca2a8b85b11b8658bd60fdf7942221bda8f2edef311b6,4,2022-04-29 07:50:41 UTC,
24efce38fc117ce94d1bfb219e9ae86746d98f1bd4ccda3c8c164ef249184080,4,2022-04-29 07:50:27 UTC,
aa162e642c6fa55eea5ef194b899c959a0f59cb8f588b57c988d1b1e397e7d2d,4,2022-04-29 07:50:23 UTC,
7341b81222bb1c379c05fa569035b9c76b36f61e89c780559b181c9b70feabc2,4,2022-04-29 07:50:19 UTC,
f250ff049bc4c2a817543c514bd3d2fce75bee1e41a9dd7af8e7e8d1e9a3a624,4,2022-04-29 07:50:19 UTC,
eff3a298ab9c69b64c6a509471a73c2d89775d119c1cdc4c6f36cb1843a3f905,4,2022-04-29 07:50:12 UTC,
63c6dc8702101db22b52e726d9031a5f3a58d4fc8ca1737bcdc840ee5e3c0b81,4,2022-04-29 07:41:33 UTC,
ac652a8bbe01edf0eb9b7921b3912519a85e52c0e63a6c1837d07c95bae10a63,4,2022-04-29 07:41:26 UTC,
a61f50603b362e37412ab487f206def7a206eee19859bae46a8d906e5fbbdc6b,4,2022-04-29 07:36:47 UTC,
d344a95eed714c0990d5f88ea87d7eed3f1835a87e4d63a6894ac18593278f08,4,2022-04-29 07:36:47 UTC,
1d3f064f04b01d80137e9a80f3c8c00b798963c3922902e7fc45f73de1e7a818,4,2022-04-29 07:31:44 UTC,
909c4b2376be8bb477aadecd69cf804bdf6da784208bfbf6b09571fd8a092e47,4,2022-04-29 07:31:42 UTC,
fb87ec2900312e5a285ba401dd6ed99807ac6209e79cf41e4944d12f23d508bd,4,2022-04-29 07:31:42 UTC,
f3aef0df028cf0d0590f4fa4affe8e61e3d9099d56281520f575ea75e7d0d1b6,4,2022-04-29 07:31:27 UTC,
3ccebadb676fbd6ea1a47d0a3ad2920313e32d7ad8f1f517c70d43e909ff05a6,4,2022-04-29 07:31:21 UTC,
125978a75c40d3c25f64fe9be9b18e29d36c07d7d87470b51a4f9b1ceb9a45cc,4,2022-04-29 07:22:52 UTC,
2b0d7ec0262de62b95625dd980c35f91b126355a8f05cb333600f43e395d2cdf,4,2022-04-29 07:22:18 UTC,
1d40080f7018fddee1f7aadc8ad8811fb2adb86f5827d4cedfe23f9a9160efe5,4,2022-04-29 07:21:23 UTC,
d4e581454909fc5659306082eccfde02b5258776cf63869c109628de32e2c0c6,4,2022-04-29 07:16:24 UTC,
681b1a789387d1442e18c12675bf8d296aba8d366d8d6b84ee2ed233cb06b92c,4,2022-04-29 07:12:15 UTC,
ce8b46b5cff3f31f0307d4428ed1d22939dcd124bb6319b4cb0c33e7f0ecf353,4,2022-04-29 07:07:11 UTC,
21848b941ac2d3d3627c0b0cfd8722385d65277718ecff4c4ecd837501113f6d,4,2022-04-29 06:46:38 UTC,
7491a546e0d85b3d1af1b1d215308199e7f7d24a342174b0bbf59a93cd2640b5,4,2022-04-29 06:46:28 UTC,
ab8bb6e276a2ca0ba52590441a3aa89ad418271d38bdb7ebab3318d31b4b2c7b,4,2022-04-29 06:41:37 UTC,
b6d00ccf32a303924e42ff485bb2679e74e04cd6b067fc144a4ea079ad2d7a35,4,2022-04-29 06:41:34 UTC,
d5ecabb7a178db9fae6a5d8f4e0c767994eb7342f518df51a5d87313f4ef6153,4,2022-04-29 06:31:30 UTC,
db7f75fb5484881281f6ef88e7c1854cd2e4daf7440643af549359d8d010422a,4,2022-04-29 06:31:30 UTC,
07c172c682bed5ef15d5c27dfa9c1e009b48f0e7cff37e186ff2086442b2b7d9,4,2022-04-29 06:31:24 UTC,
b31e9b3add204577d136babc244076ca285705f840b9a23d38798dfe904de369,4,2022-04-29 06:26:39 UTC,
09e9be85b2ab38e176f1c052ce70dc57fcf25209ebe6931036799b639071cd41,4,2022-04-29 06:26:29 UTC,
e11d9feef448ba73f842503ffd9d1ea66815b04285b6c0d08282c3d7e766b3f3,4,2022-04-29 06:21:44 UTC,
dadc995c32d6be256b6883743302a1e8a612f40360db7a576de4f2618add0a8f,4,2022-04-29 06:21:34 UTC,
5883d96ad95953babb9dd775739a5423dd76968db4bacf32ea121c7ff5ad6c4e,4,2022-04-29 06:16:32 UTC,
009a3fc8cc504ffdf7178b5d982e39b40e77922007a96222369d61e901a62b91,4,2022-04-29 06:16:09 UTC,
350ba55916993ca91217aa7e9d6d12bca365dc2e9be21f0deb55f810665037ce,4,2022-04-29 06:15:58 UTC,
9cea6fe92fac9daa2dea96580d272754746617f218b96f3cac5bc47ad81caa28,4,2022-04-29 06:11:21 UTC,
3ef5ea58c853c9f39616d419444ee72590965e555de4e09fc7a34de5dd4ad2b8,4,2022-04-29 06:11:19 UTC,
2e9c672bfff7b64cb9a35ebaa6dd490d287825df84f74d49af83191db98dbd78,4,2022-04-29 06:11:14 UTC,
d854855e9e491a8c214d24fe506ca2ddb7e681f1ee3dd992add273065e7f4ad8,4,2022-04-29 06:11:14 UTC,
66d06638e2a72688e306097b44d13c2a9af0db7f732105cbcabfbcd29e2a8507,4,2022-04-29 06:07:42 UTC,
10e083d755780c67d2bfca69801e4b71ca79f864f7b256794e14540af1233e0d,4,2022-04-29 06:07:36 UTC,
60d0ce0873580935125f8c247d2d8bd3c758ee8013ad540ae186d8f39c507e84,4,2022-04-29 06:07:21 UTC,
e2713d291f43b9237519c16fc9db0881e398788f12de98ba94da58f374646a4d,4,2022-04-29 05:52:01 UTC,
bc7d24d7e46e7e33ebb5c75dac4a6844611a7cfedcba80824b4e6fa8e33f3cfd,4,2022-04-29 05:46:18 UTC,
9fad3774f7e0712184733f7fd04da1156703933410f12f1d6415ffc45fa4661d,4,2022-04-29 05:42:17 UTC,
2a95f106ab61703783bcec850e36cb7edf7c19e52bb52fe5ba0db18cd9a86c3c,4,2022-04-29 05:41:35 UTC,
584a693dc66349922da7aa749401c4e05d70109c54f2d4024ccc020fbe434ab8,4,2022-04-29 05:37:08 UTC,
696c297696b33de84368edc74dc850a0ac98d9a22a807ecce8aec1aec4019402,4,2022-04-29 05:36:37 UTC,
efdf1f19011d4183c91e07d57299a90785868db443af6a6efc55a4df6e588bb5,4,2022-04-29 05:36:37 UTC,
d8a8cb4561909c2e84c263fa002b823fffe8c5c00f2e9a239e8feda69d9d2a4e,4,2022-04-29 05:32:04 UTC,
9407cd7a8d09599f493e3e995c824bb1e0ac4f3e868f91fc5f727b7e8f497e28,4,2022-04-29 05:26:25 UTC,
6ef24e4c900695fd374ab689dc4570f0f7a9d6b6bde2fee5182c60912275b80c,4,2022-04-29 05:26:18 UTC,
e0ed66f45878038211d2c672a8c970045396df31bd938cdeb23eb1b6b877438c,4,2022-04-29 05:26:17 UTC,
37e59094f376398b23b1134c33fa0c758bad3a2ded1b6af58f6d79de9be7957f,4,2022-04-29 05:26:16 UTC,
7ef1e7ff2500201028842f0e0e778f198e5a6c411827b22d533c632cc81a5b3d,4,2022-04-29 05:21:17 UTC,
a08cb7d89715d3335b1540f21c04a2802b22157d1670317592b0117fa81825e7,4,2022-04-29 05:21:17 UTC,
d84ae7a4df99d8ff72b09b1fc50aebff7a9dc928f084603dc7319ab327b8e00c,4,2022-04-29 05:21:17 UTC,
4097adecb482a4514d0b565e6c3c0a41012949b4c1ec54d668c925a92d172710,4,2022-04-29 05:21:16 UTC,
3d6a1d2a180c9108d3d9f258f96e7b92ac68adea1b015a69c4db9b2150a7ea4f,4,2022-04-29 05:21:15 UTC,
ab60bab343d258aff20f9e01afdf3c0809fd68c89092ddaa2dd179103705aed8,4,2022-04-29 05:11:38 UTC,
4723fd50221d15913a7b5dc784d9b0f68b7099428fd323b0e1f2844f30890c37,4,2022-04-29 05:06:52 UTC,
e3a550b916a0be17f182c8e8383f0bcf23d50d326ecfb3896a5c0f54aabbb784,4,2022-04-29 05:06:50 UTC,
60659a28adc9dcdec7c682b1f308397ab1cbbf789d1ccc370fb8781caec3eaa1,4,2022-04-29 05:06:35 UTC,
4e6362d232ef4093254a38aefe42e4fc79b99ee0df250af1339a8a9a0a26c8b5,4,2022-04-29 04:57:36 UTC,
3359efa047d19016dff12c1ced0b8b1ad7a0ce5330458e387c9701c7714bdb69,4,2022-04-29 04:56:52 UTC,
e198ace704d5c3daae369845a705e4c5e51b009b2f05f83a2c50cfba658193f9,4,2022-04-29 04:56:49 UTC,
7ea302b929f8b350975054e35212a655be0e8565009d1138a8cfcbbd96b5bddf,4,2022-04-29 04:37:09 UTC,
40e7ebb0f2108eee72bba7ec18b0cf00bd588659528e2614c63c0922f2b79b5d,4,2022-04-29 04:37:07 UTC,
697fe24a45bf45437197c030fe5fb1aefe3b0c6804ea8a6454c2b6bdc5118321,4,2022-04-29 04:16:13 UTC,
9e8cf25bdec3e5672fbe40b3b99f9b9bc1a09b7f11134299cc1774e2b8ef42fe,4,2022-04-29 04:07:47 UTC,
eabb4b3cdfc96078d727402ec65e54a72a055276260ec3382c791c617f2d244a,4,2022-04-29 04:07:28 UTC,
f34f7228b96e822b96580b7d2d825cdea97d8acf06bbb2160aab80f7ecf343b1,4,2022-04-29 04:02:40 UTC,
36ddefe8f238df9dc5ff467b2f59176ce42df4e38a0ad18d9b9cd1d010e4c026,4,2022-04-29 03:41:11 UTC,
a96271aa854f9fb298062ad2c6f83cafda147e5e3c06bd762e1efd44157fb027,4,2022-04-29 02:54:56 UTC,
68109e4ddb1a9c48205c5ea05e838fd63b3dd3ed109e42fda9846e6f84508506,4,2022-04-29 02:51:18 UTC,
a932a75134c0011445dae571241c5bd3df6d22f2c3be2245db8b3042ab6067f8,4,2022-04-29 02:46:58 UTC,
eefd3a5fe7fca4155ada8b24945b563e54ae2352267dfe7c4931e4b1bf107707,4,2022-04-29 02:46:57 UTC,
6d93b3a5de16dc2f21d2b72c59cd74babb51852b1829b845a1f972717c432bed,4,2022-04-29 02:46:55 UTC,
d6191f66065c4948a31ed033bdf4dc2f8f893bae8af03b3f90ccbaf936ec6bfa,4,2022-04-29 02:46:25 UTC,
b4061e11cff3268d63d5dcc3a19116d25da36941ebc2dc34e847c233da5791ca,4,2022-04-29 02:41:40 UTC,
e214597ebd13ba282a17e6cf93d3be2ed881a7d475965fa3c2d09f08040813b8,4,2022-04-29 02:41:38 UTC,
c7113671be434d7ebde9cd261b9046769e1fee48cb0b43b84d44b58540a3bac5,4,2022-04-29 02:41:35 UTC,
8952cf91880fc66edcb5a38d1ac2accb096fdad54ef93ae4e1fe74be4466377b,4,2022-04-29 02:41:32 UTC,
69ea924e7e1f651cb5d53ef5260026001a553e656ee18e32255934a86931bc66,4,2022-04-29 02:36:47 UTC,
cbfeaa26df743b1f3fde686d877d4e839648ef24f52e7e5f9d4c70dcea14a7fc,4,2022-04-29 02:36:29 UTC,
94aaf1698a936f020114ecea0f2536f9f21e69b2a1b5ec19d0483dd5befe8b6e,4,2022-04-29 02:36:17 UTC,
b6be004f8ebb8b214f95c86c89285865bf7ae2433650a30ec30ecfc0c709fe2b,4,2022-04-29 02:36:16 UTC,
c16d8d9de30ecbe1bb4467cd90f8a43bb3af2384a9cdc0f8b78f14a83f56ba39,4,2022-04-29 02:32:12 UTC,
66ede987eed5aeeb5c3d7bf24e75236ab00c434fab0b49faa0075fd72c0d7d32,4,2022-04-29 02:32:03 UTC,
09b85a0b8748b35bc38e2aae973c71417df113b6a6a5214b1ef59db2eaab474c,4,2022-04-29 02:31:52 UTC,
4e8a3499ba811f89c864de874706accc0cec45ce2b32ba84985fe84fa3c233f4,4,2022-04-29 02:26:11 UTC,
d17bce3bf591c1e776ad078e8a4e9b5d968386f6e49a72b791418e1bb243a365,4,2022-04-29 02:17:03 UTC,
d8e5301345bc749b0a90d09b3719b33fb6fbc72f0729cfae996d6a66df80d833,4,2022-04-29 02:16:59 UTC,
82457d93242035d87988992ba437469701ae72cb6a40c7da4a22b3f6782d65be,4,2022-04-29 02:16:26 UTC,
cd161434f6be865f8f65dd222fed46a03c6eeffdaebe43d867e410d889e39a1c,4,2022-04-29 02:09:50 UTC,
0e5a859e0a52507a5aa0f80f442fe60394783026323e901bb75f387f3ac257fb,4,2022-04-29 02:06:40 UTC,
211bb2b934c16cf06146d5b5e7ae38963d3e060f77f2ab0e23b1a5601c1dce63,4,2022-04-29 02:05:56 UTC,
4a07129157a827d332db7516afa197e1fdcd68a397dbc0ca6a3190e4f1768e39,4,2022-04-29 01:47:21 UTC,
03c561771e2509c84ace5271ee2969676b602d0c39ba9c11afaca639e198cd3a,4,2022-04-29 01:47:00 UTC,
8cea19de4bc835e41d5d802470f87f00deeaac32bb5c1c4b10ee404ca8570da0,4,2022-04-29 01:42:11 UTC,
3e7236627d2ad794175892e3090c1b6757934d73d846da5edefb68093ca59cd5,4,2022-04-29 01:41:07 UTC,
72a7bb0382f464356fbb49aaef0182005f2f934476bcd5c935ca2bb8ec2cd3b0,4,2022-04-29 01:36:47 UTC,
405384425f0cd5a362220a5c62bd0fa51a56d11b20775c5ee39b62428b55467f,4,2022-04-29 01:36:34 UTC,
3f02a2326f9f7d9b469486fabd9855bd710d4705ed2e4079055b70d1818a845e,4,2022-04-29 01:36:20 UTC,
9e944c29ed03c79d0eda7a6337ded092c25d1b9979d17ee2d6e317a8b4c31040,4,2022-04-29 01:31:26 UTC,
ce27018c5384fb6042a987483b0b11fb454cfdda8f2d21d30457d58b7afc8c5a,4,2022-04-29 01:31:07 UTC,
3ec11dbd1a57668feb1e84758fa93d78ed64e0e053b3330d24c7ddbeb34d0cd9,4,2022-04-29 01:26:21 UTC,
541d7c8873c8b53e38609c8d47a96c0335bfe8fc0fa8c258101b84b0e71328d4,4,2022-04-29 01:26:11 UTC,
384e6821db48913e446da1481374cb7ccac3a5ff746f540315d8c22d3ede9055,4,2022-04-29 01:26:10 UTC,
105c693c15f2ad232e2c992f0583b17905b91c81ca60c214196359ed1209fcc9,4,2022-04-29 01:21:18 UTC,
fdc7add91137e69c65ba83dffbe29f5119b52adce4b295f4827df35060027e0e,4,2022-04-29 01:21:10 UTC,
38185dae4ea85d0db893b87bfc4d85e811d40a9023b94f9b8cf521191aee1f50,4,2022-04-29 01:21:02 UTC,
2b8853228bf17384ae3a41f70571137cd48883f603d3f65f28d419b2c3987172,4,2022-04-29 01:16:27 UTC,
b3cbaf43697fa9e76df6c727ac9cbebfbbe97f1210376c831550698b26f5d628,4,2022-04-29 01:16:19 UTC,
728a9f59e732237085f94ec1c34ed0662a685412b92c6fcb73b383e1780a7771,4,2022-04-29 01:16:15 UTC,
7ebd96120ddd74dc3b3ffd0333ef2d6a6b5ad33c15a3dec943b953e89b8eb097,4,2022-04-29 01:15:54 UTC,
4e9756f1781216e068653d6118ba9a43c3c562d2fcc91eaa9fa234de49084565,4,2022-04-29 01:11:40 UTC,
ca7d826eae7bcf205fc4e8250b152fb076a667ac5119c53aa44a3ae2535a3e47,4,2022-04-29 01:11:15 UTC,
5a87e1fad6855d0f3bf143bd5ebd379cb27099c13d5493f6e46f6e53dc8df1f9,4,2022-04-29 01:06:39 UTC,
85e40c9ea0ed93138d98826b08131e580b5ecfdf9bc7b0ddcc6da15a15119368,4,2022-04-29 01:06:33 UTC,
790c279d82e1bbda1fd90f1e6710194a28249fb5c18996b46f76dfd0f99f9664,4,2022-04-29 00:57:16 UTC,
7b7504070b43002793d4ab178cfaeb4c186e24fe99f083ccdb564b50879c8b83,4,2022-04-29 00:50:03 UTC,
e13ddc58f3dabdb54d191f6de75f0e2a8c2b43e1850226c470aedb516f376e01,4,2022-04-29 00:50:02 UTC,
d9820e9593fb97cd32bd8bac0efcb8ac688174f01af509ffdd01da3c4c434c35,4,2022-04-29 00:49:57 UTC,
30b72526bab858114871555e6314c478953a3541c49bdd502176b6833667977f,4,2022-04-29 00:41:14 UTC,
7f50fddd5f547bce42ca27aa0df58840164c2311d41715e05978bb79f46ae5d9,4,2022-04-29 00:41:08 UTC,
1daae776c5a5c2297985c81a4b2997d4ce09c5144e880cdbb68c681f167bb9d7,4,2022-04-29 00:41:06 UTC,
bab13c88bbc99588026e04453c1b7988dc3f94f4a3238034ea476101c013a8d8,4,2022-04-29 00:41:03 UTC,
b64894bf74100c9746636ccb6d1b8764466c45cf28ef92fe97a165bc813b8e7d,4,2022-04-29 00:37:14 UTC,
306d0c4fd9eedf422cbb0cc2b721367fab755322bae6a6ad44152aa34585713b,4,2022-04-29 00:37:03 UTC,
42f75422ee3cb0ead4ca12ce7c0f1166e6bc99cfd91930907b104027dcc6a704,4,2022-04-29 00:36:57 UTC,
2b79e1cfa040fd51530f924a1564cc0b19816150fcb278e01314e2ac7686c58b,4,2022-04-29 00:36:54 UTC,
a75b51422fe22381971a2db5fe3963160ce5418a8a947ccd97d5e1ac2308652f,4,2022-04-29 00:35:57 UTC,
73e9be1d53dcb98579c5e3b8abdfde3ce1ee98b721f169c72899dbdcca759e61,4,2022-04-29 00:35:36 UTC,
8f7183ffadb26646bd09022bb555fdd760fe53959277848c6c633b6ed36408e0,4,2022-04-29 00:31:43 UTC,
adcb6e0a15c0540b08b29169002a3b7398286954338a80e7857a4e79589a0845,4,2022-04-29 00:31:28 UTC,
fdef3828e8db07aaf2e89480d111a7235f6129e3dae7ab89a0dd5ce2935b2aec,4,2022-04-29 00:29:50 UTC,
7779cca8d3b2d25f235c774ba0ef78d10db51a26576744c7a102998cebaa86ab,4,2022-04-29 00:29:47 UTC,
fc2273a8e09756dd54bcca9bce9d256237cdbf8010e12f7b3dee6421aa126212,4,2022-04-29 00:29:47 UTC,
53965f7d6a285f658755efaf3981978fbb23d1fb4499ca91c1a0f52b696b7b67,4,2022-04-29 00:29:43 UTC,
9b55c4de4934875ff0c6f1437a815ce5197c9a572909591960e785d0c2a20083,4,2022-04-29 00:29:40 UTC,
9f39c731726cea6e798ab665b7313c3bbfd3d0e9ec1f5e4fe5952610752f7b2f,4,2022-04-29 00:29:39 UTC,
0d28c9581b42f9f03b7032e22028aa41eb08ac837a01edc46628b346c3eb89be,4,2022-04-29 00:26:08 UTC,
2fc38923fc45b8ed34d328ba5bc1aa0c47bdb267642eb925e2a99f16908b1105,4,2022-04-29 00:21:20 UTC,
fe14e022da7138a4830dd1f2f71eab254565ba2183a9568d9e29267ea95b81e3,4,2022-04-29 00:20:54 UTC,
d1c187d1907edab8e53c742e6abf4189c2cc012b90d6893a93f6ef5abd2b0e6a,4,2022-04-29 00:16:22 UTC,
88e865351ba3cbe39682074e0186eba34646da5169e0e6783e563da36b5a918d,4,2022-04-29 00:16:18 UTC,
87958ecceaafe611dffcda152a1b4fdd8f88ce74cc5c9588fd5479dec314c95b,4,2022-04-29 00:16:15 UTC,
17c43a447f31fe6794bf566a6d9a23493a2bf3cd7d088d53152d0e7d26317c7e,4,2022-04-29 00:16:14 UTC,
68ef420d4f04ef13a619381d4926617481f534b6e83f657feddbb0633075dbef,4,2022-04-29 00:11:09 UTC,
cedd7d10cbef2de4a56b7a98f7f9d30fa43c214e642d6fd8a1ca48963488e5b4,4,2022-04-29 00:10:29 UTC,
a21a4a5e55f6841d0f908c71b34b517ef09993d2387dd39b5b8c8de24d49a8e3,4,2022-04-29 00:10:04 UTC,
2fb90f41c0921062d9da38d80ac26b0ff755e6e84f528986cf65e31c7fa146f8,4,2022-04-29 00:09:54 UTC,
8668e3643cf461cc8fbdc88d24faae4036742ebfcd96e607c65be367e2b338d0,4,2022-04-29 00:09:50 UTC,
bd0199aa21f4da1e6109bf1ba969e8eedb56a3ee4b41338b4bc87399b758ff7a,4,2022-04-29 00:09:49 UTC,
2d76656481fb682445fa685c3da45d1acb5dc2ecd0ebfe50496a897cc1c43bf8,4,2022-04-29 00:09:42 UTC,
b628fc76141146f9b3abd5617f8c434a47d5ac8368864850d3cf290ac73fbd6b,4,2022-04-29 00:07:33 UTC,
24eb983ab1a5c50a5e9570868e850b95aeb1dfcb133b3e8668a1866eecb490c2,4,2022-04-29 00:07:32 UTC,
e48f81730d34666645b5423e5a091b735a774f818346ab73bea49ab4d58d0c89,4,2022-04-29 00:07:32 UTC,
24f12ae2d6a2eb76b131a6076485ca0355de1716f6fcb81ef052bcfc8d89cfed,4,2022-04-29 00:07:22 UTC,
adf5ea46dd9b3955846f50b97d5ba5c23c0c45744fd00e4e65cc538b4b9ae31c,4,2022-04-29 00:00:41 UTC,
c47933e445c6487e21aaeb448df7a6ff292e14c9e11ca630ffb9d936786f2afe,4,2022-04-29 00:00:17 UTC,
58adb1229804648279d0b1049ad26f394be1f0f798f36ed37791b3d68bb9a55a,4,2022-04-29 00:00:14 UTC,
c116b765f3b6e9bf997031bc2b21835ecbb9ac283f7266e53f5bba70415eaa0b,4,2022-04-28 23:59:59 UTC,
296033b830893e4fe441c54e8ad777a5655fd0aead7d4ae9c3cc8a141b90ef9b,4,2022-04-28 23:59:55 UTC,
d157fd6f6ea508e5996b128fc5c7b01008f986a3c13f55001cd46fda07544f6e,4,2022-04-28 23:42:34 UTC,
952aeb0c6c5546a9656efe1abcc9e63a94c22583653320854e8c2f037dee8905,4,2022-04-28 23:42:32 UTC,
e539d83654a7d2f46df45ef767839854dd7e30f54cb7a39ff21a397dd5de3476,4,2022-04-28 23:42:21 UTC,
9654ac9545d7ba797b7b8d7aaacdd2ca97d88c001b3c0bd46459fb872c651cad,4,2022-04-28 23:39:35 UTC,
5b78b6de1553c50de4f03654699f1ac72736ec789e26bad08ed8e91eeca74183,4,2022-04-28 23:36:44 UTC,
164afd798076fea5d1a46b60d07f66d28db87afd75725cf71a0ed32f1251f1a1,4,2022-04-28 22:39:36 UTC,
300cdaae9cd1cca7be2a090b4de1ffb8e15457c568fac4706c2eb9e7bb123ad6,4,2022-04-28 22:39:35 UTC,
4148a98f19ef862d36956f0ed35ba8eed0caee142ea871ee3444b9fc40ed3506,4,2022-04-28 22:39:33 UTC,
2e4314bb9f310186a1699f3f794bb09e0095f4b328580a4a991e0341057e94be,5,2022-04-27 07:34:02 UTC,
34ba8d9a2fc9779c2261e2c93856d5b24aa6c46048b3520bea0595258f0b9f7a,5,2022-04-27 07:24:38 UTC,
c49cbf511621332560c2c86f29d2a93b8d5f856458b99bb77e22fffa088bfc2b,5,2022-04-27 07:18:31 UTC,
382276028fb34e598d6326ca6bb6630e6aa7a94ad50e467436e26108b92327f4,5,2022-04-27 07:18:26 UTC,
62cd22a52da0919243a2f4b71321e9e48652208800cb1d0d5ee8bda176e590cb,5,2022-04-27 06:04:15 UTC,
e1810a2aea550dce492ebe037dd5bb1136e3849b561fe050fbc428a257c6f1f6,5,2022-04-27 05:23:23 UTC,
d6fedf65effe11c768e6812298c279d03224d2613f1c0c6982580003b5f0e0c5,5,2022-04-27 05:23:17 UTC,
25a4c92c12cf98e41414a37ed61efad9f2a27e880f1cf449c9344a71d43b4628,5,2022-04-27 05:18:19 UTC,
14d137048c524ffc2a16da7aac6b9c3ab2c22b61a05afac0a349703d0fca6190,5,2022-04-27 05:13:44 UTC,
5dc15a2baa3b795914202461ee594db96f4667113ae509f3d2f5e9db3cd9792e,5,2022-04-27 05:08:24 UTC,
8ef6471c77ab15e45661bf6ac76e7bd3605778be83ecf3f1d33055fab825ce63,5,2022-04-27 05:08:20 UTC,
c99404414332015a0daae1984fe23f7c2b7a70a5516e2721dd03b5b3f2f145d8,5,2022-04-27 04:28:29 UTC,
67155d8dd537e3238c177b03e4b291ded34b260cf8ba1d3bc4ecb20fb977cdf9,5,2022-04-27 04:28:27 UTC,
252c12b3def510811692df68acc167d8e4f755eb18ed05c0dda5643057805b78,5,2022-04-27 04:23:18 UTC,
3c620d4e27cd751e1c952a501cafab2febc2463ed5887360d51e8c76742c643a,5,2022-04-27 04:23:17 UTC,
1df08d19d3c08d1872417c9ded3206fab89efbe76bf583f5c2565b711b08b6ac,5,2022-04-27 04:18:20 UTC,
2e964213ef18d9d45376c64ed18260afa9e88950716a4725ae39dfc2a5dc9e9a,5,2022-04-27 04:13:25 UTC,
9b66dfc09fe3d7157ad40d139204a51b3e29efc9bcbe696a453e38f8b00e5cca,5,2022-04-27 04:13:21 UTC,
f0ccdab962a16e543e342b488aaf22afe908e22ef8e528355c0370f23634ccb0,5,2022-04-27 04:08:20 UTC,
26098fde00a7d4350d51bd2fc9c1977def88ec4d61796354188566e4ce98e7fb,5,2022-04-27 03:43:30 UTC,
cb722a6799470cacf281f86eaa905d36ebc92e508a5eff2ebc5205cdb5c8037d,5,2022-04-27 03:28:11 UTC,
08a125d278a72e0f33adf9065828e9c4cea308f8babb0b4af58994857ab962d3,5,2022-04-27 02:33:03 UTC,
822da02a940c8947689e928faddc8196f4bee2856b113ffd01b5c8a81c8238cd,5,2022-04-27 02:28:00 UTC,
44f2a91bb0bbbbc8924fca20b11c82195311fbb38ca1d33935e1d7734283d8c2,5,2022-04-27 02:12:59 UTC,
f1ee509d9f9ec974ebcac1b4aeb622490d1d3e31f5081256872626bb08ea4d7d,5,2022-04-27 01:09:09 UTC,
76a88ebfe8c3defac75a24d7e6959082dd688b3e9c5db5b327335bf5ca8264f3,4,2022-04-23 11:18:56 UTC,
466b443c86cdc09185ac15fd56171d2082ea77a6466ae1b383221d9d5710dc6a,4,2022-04-22 15:02:32 UTC,
fdd44369a079bf9d370046ce7b8c36c026d2ff00f52f9932dca2a79753130871,4,2022-04-22 00:04:31 UTC,
4d8fe5c15c5e1618bd104c53208b0df36a4cfcddde71f9b03b9f85004be7409b,4,2022-04-21 16:13:45 UTC,
